suiteId,name,componentId,componentName
4230080100,气门挺杆套装,4200046000,气门挺杆,
4230080100,气门挺杆套装,4200047000,气门挺杆,
5300004100,正时套装,41030,螺栓,
5300004100,正时套装,5310101000,张紧轮,
5300004100,正时套装,5360187000,正时皮带,
5300049090,正时套装（不含皮带）,5310054000,张紧轮,
5300049090,正时套装（不含皮带）,5320039000,惰轮,
5300049100,正时套装,5310054000,张紧轮,
5300049100,正时套装,5320039000,惰轮,
5300049100,正时套装,5360192000,正时皮带,
5300049310,水泵套装,5310054000,张紧轮,
5300049310,水泵套装,5320039000,惰轮,
5300049310,水泵套装,5360192000,正时皮带,
5300049310,水泵套装,65316,水泵,
5300067090,正时套装（不含皮带）,5310500000,张紧轮,
5300067090,正时套装（不含皮带）,5330030000,张紧器,
5300067100,正时套装,5310500000,张紧轮,
5300067100,正时套装,5330030000,张紧器,
5300067100,正时套装,5360012000,正时皮带,
5300067300,水泵套装,5330030000,张紧器,
5300067300,水泵套装,5310500000,张紧轮,
5300067300,水泵套装,5360012000,正时皮带,
5300067300,水泵套装,65412A1B,水泵,
5300069090,正时套装（不含皮带）,41096,螺栓,
5300069090,正时套装（不含皮带）,5310499000,张紧轮,
5300069090,正时套装（不含皮带）,5320161000,惰轮,
5300069100,正时套装,41096,螺栓,
5300069100,正时套装,5310499000,张紧轮,
5300069100,正时套装,5320161000,惰轮,
5300069100,正时套装,5360250000,正时皮带,
5300070090,正时套装（不含皮带）,5310499000,张紧轮,
5300070090,正时套装（不含皮带）,5330032000,张紧器,
5300082090,正时套装（不含皮带）,31213,螺母,
5300082090,正时套装（不含皮带）,41073,螺栓,
5300082090,正时套装（不含皮带）,41098,螺栓,
5300082090,正时套装（不含皮带）,41164,螺栓,
5300082090,正时套装（不含皮带）,41166,螺栓,
5300082090,正时套装（不含皮带）,71225,垫片,
5300082090,正时套装（不含皮带）,5310440000,张紧轮,
5300082090,正时套装（不含皮带）,5320111000,惰轮,
5300082090,正时套装（不含皮带）,5320161000,惰轮,
5300082090,正时套装（不含皮带）,5320165000,惰轮,
5300082100,正时套装,31213,螺母,
5300082100,正时套装,41073,螺栓,
5300082100,正时套装,41098,螺栓,
5300082100,正时套装,41164,螺栓,
5300082100,正时套装,41166,螺栓,
5300082100,正时套装,71177,垫片,
5300082100,正时套装,5310440000,张紧轮,
5300082100,正时套装,5320111000,惰轮,
5300082100,正时套装,5320161000,惰轮,
5300082100,正时套装,5320165000,惰轮,
5300082100,正时套装,5360280000,正时皮带,
5300082300,水泵套装,31213,螺母,
5300082300,水泵套装,41073,螺栓,
5300082300,水泵套装,41098,螺栓,
5300082300,水泵套装,41164,螺栓,
5300082300,水泵套装,41166,螺栓,
5300082300,水泵套装,5310440000,张紧轮,
5300082300,水泵套装,5320111000,惰轮,
5300082300,水泵套装,5320161000,惰轮,
5300082300,水泵套装,5320165000,惰轮,
5300082300,水泵套装,5360280000,正时皮带,
5300082300,水泵套装,65443A2B,水泵,
5300082300,水泵套装,71225,垫片,
5300089090,正时套装（不含皮带）,5310317000,张紧轮,
5300089090,正时套装（不含皮带）,5310339000,张紧轮,
5300089090,正时套装（不含皮带）,41092,螺栓,
5300089090,正时套装（不含皮带）,41098,螺栓,
5300089090,正时套装（不含皮带）,5320167000,惰轮,
5300089090,正时套装（不含皮带）,5320185000,惰轮,
5300089100,正时套装,41092,螺栓,
5300089100,正时套装,41098,螺栓,
5300089100,正时套装,5310317000,张紧轮,
5300089100,正时套装,5310339000,张紧轮,
5300089100,正时套装,5320167000,惰轮,
5300089100,正时套装,5320185000,惰轮,
5300089100,正时套装,5360228000,正时皮带,
5300089100,正时套装,5360233000,正时皮带,
5300089310,水泵套装,41092,螺栓,
5300089310,水泵套装,41098,螺栓,
5300089310,水泵套装,5310317000,张紧轮,
5300089310,水泵套装,5310339000,张紧轮,
5300089310,水泵套装,5320167000,惰轮,
5300089310,水泵套装,5320185000,惰轮,
5300089310,水泵套装,5360228000,正时皮带,
5300089310,水泵套装,5360233000,正时皮带,
5300089310,水泵套装,65431,水泵,
5300094090,正时套装（不含皮带）,5310528000,张紧轮,
5300094090,正时套装（不含皮带）,5320307000,惰轮,
5300094100,正时套装,5310528000,张紧轮,
5300094100,正时套装,5320307000,惰轮,
5300094100,正时套装,5360128000,正时皮带,
5300094300,水泵套装,5310528000,张紧轮,
5300094300,水泵套装,5320307000,惰轮,
5300094300,水泵套装,5360128000,正时皮带,
5300094300,水泵套装,67313A1B,水泵,
5300109090,正时套装（不含皮带）,5310231000,张紧轮,
5300109090,正时套装（不含皮带）,5310232000,张紧轮,
5300109100,正时套装,5310231000,张紧轮,
5300109100,正时套装,5310232000,张紧轮,
5300109100,正时套装,5360164000,正时皮带,
5300109100,正时套装,5360191000,正时皮带,
5300147100,正时套装,5310273000,张紧轮,
5300147100,正时套装,5360013000,正时皮带,
5300149100,正时套装,5310063000,张紧轮,
5300149100,正时套装,31191,螺母,
5300149100,正时套装,41057,双头螺柱,
5300149100,正时套装,71157,垫片,
5300149100,正时套装,5360117000,正时皮带,
5300161090,正时套装（不含皮带）,5310103000,张紧轮,
5300161090,正时套装（不含皮带）,41075,螺栓,
5300161090,正时套装（不含皮带）,41094,螺栓,
5300161090,正时套装（不含皮带）,5320163000,惰轮,
5300161100,正时套装,5310103000,张紧轮,
5300161100,正时套装,41075,螺栓,
5300161100,正时套装,41094,螺栓,
5300161100,正时套装,5320163000,惰轮,
5300161100,正时套装,5360151000,正时皮带,
5300162100,正时套装,5310063000,张紧轮,
5300162100,正时套装,31191,螺母,
5300162100,正时套装,41057,双头螺柱,
5300162100,正时套装,71157,垫片,
5300162100,正时套装,5360216000,正时皮带,
5300169100,正时套装,5310500000,张紧轮,
5300169100,正时套装,5360012000,正时皮带,
5300170090,正时套装（不含皮带）,5310500000,张紧轮,
5300170090,正时套装（不含皮带）,41350,螺栓,
5300170090,正时套装（不含皮带）,5320714000,惰轮,
5300170100,正时套装,41350,螺栓,
5300170100,正时套装,5310500200,张紧轮,
5300170100,正时套装,5320312000,惰轮,
5300170100,正时套装,5360012000,正时皮带,
5300171100,正时套装,5310203000,张紧轮,
5300171100,正时套装,31200,螺母,
5300171100,正时套装,71307,垫片,
5300171100,正时套装,5360003000,正时皮带,
5300171300,水泵套装,31200,螺母,
5300171300,水泵套装,5310203000,张紧轮,
5300171300,水泵套装,5360003000,正时皮带,
5300171300,水泵套装,65412A1B,水泵,
5300171300,水泵套装,71307,垫片,
5300171310,水泵套装,31200,螺母,
5300171310,水泵套装,5310203000,张紧轮,
5300171310,水泵套装,5360003000,正时皮带,
5300171310,水泵套装,65411,水泵,
5300171310,水泵套装,71307,垫片,
5300178090,正时套装（不含皮带）,5310477200,张紧轮,
5300178090,正时套装（不含皮带）,41075,螺栓,
5300178090,正时套装（不含皮带）,5320159000,惰轮,
5300178100,正时套装,5310477200,张紧轮,
5300178100,正时套装,41075,螺栓,
5300178100,正时套装,5320159000,惰轮,
5300178100,正时套装,5360243000,正时皮带,
5300179090,正时套装（不含皮带）,5310477000,张紧轮,
5300179090,正时套装（不含皮带）,41075,螺栓,
5300179090,正时套装（不含皮带）,41191,螺栓,
5300179090,正时套装（不含皮带）,5320159000,惰轮,
5300179090,正时套装（不含皮带）,5330034000,张紧器,
5300179090,正时套装（不含皮带）,5330037000,张紧器,
5300179100,正时套装,5310477200,张紧轮,
5300179100,正时套装,41075,螺栓,
5300179100,正时套装,41191,螺栓,
5300179100,正时套装,5320159000,惰轮,
5300179100,正时套装,5330034200,张紧器,
5300179100,正时套装,5330037200,张紧器,
5300179100,正时套装,5360243000,正时皮带,
5300179300,水泵套装,41075,螺栓,
5300179300,水泵套装,41191,螺栓,
5300179300,水泵套装,5310477200,张紧轮,
5300179300,水泵套装,5320159000,惰轮,
5300179300,水泵套装,5330034200,张紧器,
5300179300,水泵套装,5330037200,张紧器,
5300179300,水泵套装,5360243000,正时皮带,
5300179300,水泵套装,65472A1B,水泵,
5300180090,正时套装（不含皮带）,5310531000,张紧轮,
5300180090,正时套装（不含皮带）,31200,螺母,
5300180090,正时套装（不含皮带）,41350,螺栓,
5300180090,正时套装（不含皮带）,71171,垫片,
5300180090,正时套装（不含皮带）,5320312000,惰轮,
5300180100,正时套装,31200,螺母,
5300180100,正时套装,41350,螺栓,
5300180100,正时套装,5310531000,张紧轮,
5300180100,正时套装,71171,垫片,
5300180100,正时套装,5320312000,惰轮,
5300180100,正时套装,5360012000,正时皮带,
5300181100,正时套装,31200,螺母,
5300181100,正时套装,5310531000,张紧轮,
5300181100,正时套装,71171,垫片,
5300181100,正时套装,5330028200,张紧器,
5300181100,正时套装,5360012000,正时皮带,
5300181300,水泵套装,31200,螺母,
5300181300,水泵套装,5310531000,张紧轮,
5300181300,水泵套装,5330028200,张紧器,
5300181300,水泵套装,5360012000,正时皮带,
5300181300,水泵套装,65412A1B,水泵,
5300181300,水泵套装,71171,垫片,
5300201090,正时套装（不含皮带）,5310565000,张紧轮,
5300201090,正时套装（不含皮带）,31183,螺母,
5300201090,正时套装（不含皮带）,31211,螺母,
5300201090,正时套装（不含皮带）,41151,双头螺柱,
5300201090,正时套装（不含皮带）,41152,双头螺柱,
5300201090,正时套装（不含皮带）,5320349000,惰轮,
5300201100,正时套装,5310565000,张紧轮,
5300201100,正时套装,31183,螺母,
5300201100,正时套装,31211,螺母,
5300201100,正时套装,41151,双头螺柱,
5300201100,正时套装,41152,双头螺柱,
5300201100,正时套装,5320349000,惰轮,
5300201100,正时套装,5360262000,正时皮带,
5300201320,水泵套装,5310565000,张紧轮,
5300201320,水泵套装,31183,螺母,
5300201320,水泵套装,31211,螺母,
5300201320,水泵套装,41151,双头螺柱,
5300201320,水泵套装,41152,双头螺柱,
5300201320,水泵套装,5320349000,惰轮,
5300201320,水泵套装,5360262000,正时皮带,
5300201320,水泵套装,65432A2B,水泵,
5300201330,水泵套装,31183,螺母,
5300201330,水泵套装,31211,螺母,
5300201330,水泵套装,41151,双头螺柱,
5300201330,水泵套装,41152,双头螺柱,
5300201330,水泵套装,5310565000,张紧轮,
5300201330,水泵套装,5320349000,惰轮,
5300201330,水泵套装,5360262000,正时皮带,
5300201330,水泵套装,65422B,水泵,
5300202100,正时套装,5310573000,张紧轮,
5300202100,正时套装,31199,螺母,
5300202100,正时套装,5360247000,正时皮带,
5300207100,正时套装,5310005000,张紧轮,
5300207100,正时套装,5360036000,正时皮带,
5300237090,正时套装（不含皮带）,5310478000,张紧轮,
5300237090,正时套装（不含皮带）,31257,螺母,
5300237090,正时套装（不含皮带）,41173,螺栓,
5300237090,正时套装（不含皮带）,41180,螺栓,
5300237090,正时套装（不含皮带）,41186,双头螺柱,
5300237090,正时套装（不含皮带）,71253,销,
5300237090,正时套装（不含皮带）,5320142000,惰轮,
5300237100,正时套装,5310478000,张紧轮,
5300237100,正时套装,31257,螺母,
5300237100,正时套装,41173,螺栓,
5300237100,正时套装,41180,螺栓,
5300237100,正时套装,41186,双头螺柱,
5300237100,正时套装,71253,销,
5300237100,正时套装,5320142000,惰轮,
5300237100,正时套装,5360019000,正时皮带,
5300237300,水泵套装,31257,螺母,
5300237300,水泵套装,41173,螺栓,
5300237300,水泵套装,41180,螺栓,
5300237300,水泵套装,41186,双头螺柱,
5300237300,水泵套装,5310478000,张紧轮,
5300237300,水泵套装,5320142000,惰轮,
5300237300,水泵套装,5360019000,正时皮带,
5300237300,水泵套装,65920B,水泵,
5300237300,水泵套装,71253,销,
5300238090,正时套装（不含皮带）,5310546100,张紧轮,
5300238090,正时套装（不含皮带）,5320289100,惰轮,
5300238100,正时套装,5310546100,张紧轮,
5300238100,正时套装,5320289100,惰轮,
5300238100,正时套装,5360264000,正时皮带,
5300238310,水泵套装,5310546100,张紧轮,
5300238310,水泵套装,5320289100,惰轮,
5300238310,水泵套装,5360264000,正时皮带,
5300238310,水泵套装,65906A2B,水泵,
5300252100,正时套装,5310030100,张紧轮,
5300252100,正时套装,5360125000,正时皮带,
5300252300,水泵套装,5310030100,张紧轮,
5300252300,水泵套装,5360125000,正时皮带,
5300252300,水泵套装,65903,水泵,
5300259100,正时套装,41156,螺栓,
5300259100,正时套装,41195,螺栓,
5300259100,正时套装,71227,垫片,
5300259100,正时套装,5320140000,惰轮,
5300259100,正时套装,5320141000,惰轮,
5300259100,正时套装,5330088000,张紧器,
5300259100,正时套装,5360186000,正时皮带,
5300266100,正时套装,5310181000,张紧轮,
5300266100,正时套装,5360113000,正时皮带,
5300266300,水泵套装,5310181000,张紧轮,
5300266300,水泵套装,5360113000,正时皮带,
5300266300,水泵套装,66911A1B,水泵,
5300298100,正时套装,5310121000,张紧轮,
5300298100,正时套装,5360084000,正时皮带,
5300303090,正时套装（不含皮带）,5310193000,张紧轮,
5300303090,正时套装（不含皮带）,5320074000,惰轮,
5300303100,正时套装,5310193000,张紧轮,
5300303100,正时套装,5320074000,惰轮,
5300303100,正时套装,5360159000,正时皮带,
5300304100,正时套装,5310193000,张紧轮,
5300304100,正时套装,5320074000,惰轮,
5300304100,正时套装,5360157000,正时皮带,
5300307100,正时套装,5310196000,张紧轮,
5300307100,正时套装,5320074000,惰轮,
5300307100,正时套装,5360222000,正时皮带,
5300316100,正时套装,5310131000,张紧轮,
5300316100,正时套装,5360093000,正时皮带,
5300316300,水泵套装,5310131000,张紧轮,
5300316300,水泵套装,5360093000,正时皮带,
5300316300,水泵套装,67420,水泵,
5300319100,正时套装,5310530000,张紧轮,
5300319100,正时套装,5360042000,正时皮带,
5300322100,正时套装,5310169000,张紧轮,
5300322100,正时套装,5360253000,正时皮带,
5300324100,正时套装,5310169000,张紧轮,
5300324100,正时套装,5360168000,正时皮带,
5300330090,正时套装（不含皮带）,5310528000,张紧轮,
5300330090,正时套装（不含皮带）,5320307000,惰轮,
5300330100,正时套装,5310528000,张紧轮,
5300330100,正时套装,5320307000,惰轮,
5300330100,正时套装,5360200000,正时皮带,
5300332090,正时套装（不含皮带）,5310213000,张紧轮,
5300332090,正时套装（不含皮带）,5320194000,惰轮,
5300332100,正时套装,5310213000,张紧轮,
5300332100,正时套装,5320194000,惰轮,
5300332100,正时套装,5360110000,正时皮带,
5300332300,水泵套装,5310213000,张紧轮,
5300332300,水泵套装,5320194000,惰轮,
5300332300,水泵套装,5360110000,正时皮带,
5300332300,水泵套装,69004A1B,水泵,
5300344090,正时套装（不含皮带）,5310399000,张紧轮,
5300344090,正时套装（不含皮带）,41350,螺栓,
5300344090,正时套装（不含皮带）,5320714000,惰轮,
5300344100,正时套装,5310399000,张紧轮,
5300344100,正时套装,41350,螺栓,
5300344100,正时套装,5320312000,惰轮,
5300344100,正时套装,5360012000,正时皮带,
5300345090,正时套装（不含皮带）,5310399200,张紧轮,
5300345090,正时套装（不含皮带）,5330030200,张紧器,
5300345100,正时套装,5310399200,张紧轮,
5300345100,正时套装,5330030200,张紧器,
5300345100,正时套装,5360012000,正时皮带,
5300345300,水泵套装,5310399200,张紧轮,
5300345300,水泵套装,5330030200,张紧器,
5300345300,水泵套装,5360012000,正时皮带,
5300345300,水泵套装,65412A1B,水泵,
5300348090,正时套装（不含皮带）,5310377000,张紧轮,
5300348090,正时套装（不含皮带）,5320232000,惰轮,
5300348100,正时套装,5310377000,张紧轮,
5300348100,正时套装,5320232000,惰轮,
5300348100,正时套装,5360026000,正时皮带,
5300348100,正时套装,5360027000,正时皮带,
5300350100,正时套装,5310382000,张紧轮,
5300350100,正时套装,5360084000,正时皮带,
5300358090,正时套装（不含皮带）,5310626300,张紧轮,
5300358090,正时套装（不含皮带）,5320039000,惰轮,
5300358100,正时套装,5310626300,张紧轮,
5300358100,正时套装,5310626300,张紧轮,
5300358100,正时套装,5320039000,惰轮,
5300358100,正时套装,5360239000,正时皮带,
5300358300,水泵套装,5310626300,张紧轮,
5300358300,水泵套装,5320039000,惰轮,
5300358300,水泵套装,5360239000,正时皮带,
5300358300,水泵套装,65316,水泵,
5300359090,正时套装（不含皮带）,5310499000,张紧轮,
5300359090,正时套装（不含皮带）,5320161000,惰轮,
5300359090,正时套装（不含皮带）,41096,螺栓,
5300359090,正时套装（不含皮带）,5330032000,张紧器,
5300359100,正时套装,5310499000,张紧轮,
5300359100,正时套装,5320161000,惰轮,
5300359100,正时套装,41096,螺栓,
5300359100,正时套装,5330032000,张紧器,
5300359100,正时套装,5360250000,正时皮带,
5300361100,正时套装,5310440000,张紧轮,
5300361100,正时套装,5320111000,惰轮,
5300361100,正时套装,5320161000,惰轮,
5300361100,正时套装,31213,螺母,
5300361100,正时套装,41073,螺栓,
5300361100,正时套装,41098,螺栓,
5300361100,正时套装,41164,螺栓,
5300361100,正时套装,71177,垫片,
5300361100,正时套装,5360280000,正时皮带,
5300364090,正时套装（不含皮带）,5310402000,张紧轮,
5300364090,正时套装（不含皮带）,5320189000,惰轮,
5300364090,正时套装（不含皮带）,41095,螺栓,
5300364090,正时套装（不含皮带）,71243,防尘盖,
5300364100,正时套装,5310402000,张紧轮,
5300364100,正时套装,5320189000,惰轮,
5300364100,正时套装,41095,螺栓,
5300364100,正时套装,71243,防尘盖,
5300364100,正时套装,5360263000,正时皮带,
5300365100,正时套装,5310402000,张紧轮,
5300365100,正时套装,5320189000,惰轮,
5300365100,正时套装,5330029000,张紧器,
5300365100,正时套装,41095,螺栓,
5300365100,正时套装,5330083000,张紧器,
5300365100,正时套装,71243,防尘盖,
5300365100,正时套装,5360263000,正时皮带,
5300365300,水泵套装,5310402000,张紧轮,
5300365300,水泵套装,5320189000,惰轮,
5300365300,水泵套装,41095,螺栓,
5300365300,水泵套装,71243,防尘盖,
5300365300,水泵套装,5360263000,正时皮带,
5300365300,水泵套装,5330029200,张紧器,
5300365300,水泵套装,5330083200,张紧器,
5300365300,水泵套装,65469,水泵,
5300371100,正时套装,5310193000,张紧轮,
5300371100,正时套装,5320074000,惰轮,
5300371100,正时套装,5360242000,正时皮带,
5300376100,正时套装,5310676000,张紧轮,
5300376100,正时套装,5360265000,正时皮带,
5300379090,正时套装（不含皮带）,5310632000,张紧轮,
5300379090,正时套装（不含皮带）,31257,螺母,
5300379090,正时套装（不含皮带）,41173,螺栓,
5300379090,正时套装（不含皮带）,41180,螺栓,
5300379090,正时套装（不含皮带）,41186,双头螺柱,
5300379090,正时套装（不含皮带）,71253,销,
5300379090,正时套装（不含皮带）,5320395000,惰轮,
5300379100,正时套装,5310632000,张紧轮,
5300379100,正时套装,5320395000,惰轮,
5300379100,正时套装,31257,螺母,
5300379100,正时套装,41173,螺栓,
5300379100,正时套装,41180,螺栓,
5300379100,正时套装,41186,双头螺柱,
5300379100,正时套装,71253,销,
5300379100,正时套装,5360019000,正时皮带,
5300379300,水泵套装,31257,螺母,
5300379300,水泵套装,41173,螺栓,
5300379300,水泵套装,41180,螺栓,
5300379300,水泵套装,41186,双头螺柱,
5300379300,水泵套装,5310632000,张紧轮,
5300379300,水泵套装,5320395000,惰轮,
5300379300,水泵套装,5360019000,正时皮带,
5300379300,水泵套装,65920B,水泵,
5300379300,水泵套装,71253,销,
5300386100,附件传动套装,5340050000,附件张紧器,
5300386100,附件传动套装,5370029000,附件皮带,
5300416090,正时套装（不含皮带）,5310402000,张紧轮,
5300416090,正时套装（不含皮带）,5310573000,张紧轮,
5300416090,正时套装（不含皮带）,5320189000,惰轮,
5300416090,正时套装（不含皮带）,31199,螺母,
5300416090,正时套装（不含皮带）,41095,螺栓,
5300416090,正时套装（不含皮带）,71243,防尘盖,
5300416100,正时套装,5310402000,张紧轮,
5300416100,正时套装,5310573000,张紧轮,
5300416100,正时套装,5320189000,惰轮,
5300416100,正时套装,31199,螺母,
5300416100,正时套装,41095,螺栓,
5300416100,正时套装,71243,防尘盖,
5300416100,正时套装,5360247000,正时皮带,
5300416100,正时套装,5360263000,正时皮带,
5300427100,正时套装,5310118000,张紧轮,
5300427100,正时套装,5320314000,惰轮,
5300427100,正时套装,5360193000,正时皮带,
5300427300,水泵套装,5310118000,张紧轮,
5300427300,水泵套装,5320314000,惰轮,
5300427300,水泵套装,5360193000,正时皮带,
5300427300,水泵套装,67313A1B,水泵,
5300428100,正时套装,5310118000,张紧轮,
5300428100,正时套装,5360270000,正时皮带,
5300430100,正时套装,5310652000,张紧轮,
5300430100,正时套装,5320382000,惰轮,
5300430100,正时套装,5360246000,正时皮带,
5300445090,正时套装（不含皮带）,5310777000,张紧轮,
5300445090,正时套装（不含皮带）,5320310000,惰轮,
5300445090,正时套装（不含皮带）,5320312000,惰轮,
5300445090,正时套装（不含皮带）,31203,螺母,
5300445090,正时套装（不含皮带）,41092,螺栓,
5300445090,正时套装（不含皮带）,41219,螺栓,
5300445090,正时套装（不含皮带）,41350,螺栓,
5300445090,正时套装（不含皮带）,71225,垫片,
5300445100,正时套装,5310777000,张紧轮,
5300445100,正时套装,5320310000,惰轮,
5300445100,正时套装,5320312000,惰轮,
5300445100,正时套装,31203,螺母,
5300445100,正时套装,41092,螺栓,
5300445100,正时套装,41219,螺栓,
5300445100,正时套装,41350,螺栓,
5300445100,正时套装,71225,垫片,
5300445100,正时套装,5360292000,正时皮带,
5300445310,水泵套装,31203,螺母,
5300445310,水泵套装,41092,螺栓,
5300445310,水泵套装,41219,螺栓,
5300445310,水泵套装,41350,螺栓,
5300445310,水泵套装,5310777000,张紧轮,
5300445310,水泵套装,5320310000,惰轮,
5300445310,水泵套装,5320312000,惰轮,
5300445310,水泵套装,5360292000,正时皮带,
5300445310,水泵套装,65425B,水泵,
5300445310,水泵套装,71225,垫片,
5300450090,正时套装（不含皮带）,5310779000,张紧轮,
5300450090,正时套装（不含皮带）,41110,螺栓,
5300450090,正时套装（不含皮带）,5320472100,惰轮,
5300450100,正时套装,5310779000,张紧轮,
5300450100,正时套装,5320472100,惰轮,
5300450100,正时套装,41110,螺栓,
5300450100,正时套装,5360290000,正时皮带,
5300450300,水泵套装,41110,螺栓,
5300450300,水泵套装,5310779000,张紧轮,
5300450300,水泵套装,5320472100,惰轮,
5300450300,水泵套装,5360290000,正时皮带,
5300450300,水泵套装,65320,水泵,
5300453100,正时套装,5310112000,张紧轮,
5300453100,正时套装,5360236000,正时皮带,
5300471090,正时套装（不含皮带）,5310770000,张紧轮,
5300471090,正时套装（不含皮带）,5320289000,惰轮,
5300471090,正时套装（不含皮带）,41049,螺栓,
5300471090,正时套装（不含皮带）,41184,螺栓,
5300471100,正时套装,5310770000,张紧轮,
5300471100,正时套装,5320289100,惰轮,
5300471100,正时套装,41049,螺栓,
5300471100,正时套装,5360264000,正时皮带,
5300471300,水泵套装,5310770000,张紧轮,
5300471300,水泵套装,5320289100,惰轮,
5300471300,水泵套装,41049,螺栓,
5300471300,水泵套装,5360264000,正时皮带,
5300471300,水泵套装,66601,水泵,
5300471310,水泵套装,5310770000,张紧轮,
5300471310,水泵套装,5320289100,惰轮,
5300471310,水泵套装,41049,螺栓,
5300471310,水泵套装,5360264000,正时皮带,
5300471310,水泵套装,65906A2B,水泵,
5300479090,正时套装（不含皮带）,5310501000,张紧轮,
5300479090,正时套装（不含皮带）,5320366000,惰轮,
5300479090,正时套装（不含皮带）,5320586000,惰轮,
5300479090,正时套装（不含皮带）,41189,螺栓,
5300479090,正时套装（不含皮带）,41190,螺栓,
5300479100,正时套装,5310501000,张紧轮,
5300479100,正时套装,5320366000,惰轮,
5300479100,正时套装,5320586000,惰轮,
5300479100,正时套装,41189,螺栓,
5300479100,正时套装,41190,螺栓,
5300479100,正时套装,5360311000,正时皮带,
5300480090,正时套装（不含皮带）,5310501200,张紧轮,
5300480090,正时套装（不含皮带）,5320366200,惰轮,
5300480090,正时套装（不含皮带）,5320586100,惰轮,
5300480090,正时套装（不含皮带）,41189,螺栓,
5300480090,正时套装（不含皮带）,41190,螺栓,
5300480090,正时套装（不含皮带）,41191,螺栓,
5300480090,正时套装（不含皮带）,5330040100,张紧器,
5300480100,正时套装,5310501000,张紧轮,
5300480100,正时套装,5320366000,惰轮,
5300480100,正时套装,5320586000,惰轮,
5300480100,正时套装,5330040000,张紧器,
5300480100,正时套装,41189,螺栓,
5300480100,正时套装,41190,螺栓,
5300480100,正时套装,41191,螺栓,
5300480100,正时套装,5360311000,正时皮带,
5300480300,水泵套装,5310501000,张紧轮,
5300480300,水泵套装,5320366000,惰轮,
5300480300,水泵套装,5320586000,惰轮,
5300480300,水泵套装,5330040000,张紧器,
5300480300,水泵套装,41189,螺栓,
5300480300,水泵套装,41190,螺栓,
5300480300,水泵套装,41191,螺栓,
5300480300,水泵套装,5360311000,正时皮带,
5300480300,水泵套装,65704A1B,水泵,
5300498100,附件传动套装,41147,螺栓,
5300498100,附件传动套装,41148,螺栓,
5300498100,附件传动套装,41149,螺栓,
5300498100,附件传动套装,41150,螺栓,
5300498100,附件传动套装,41342,螺栓,
5300498100,附件传动套装,5320001000,惰轮,
5300498100,附件传动套装,5320418000,惰轮,
5300498100,附件传动套装,5340009000,附件张紧器,
5300498100,附件传动套装,5370013000,附件皮带,
5300498100,附件传动套装,7110202000,防尘盖,
5300498100,附件传动套装,71226,防尘盖,
5300498100,附件传动套装,71228,垫片,
5300498100,附件传动套装,71229,垫片,
5300499090,附件传动 套装（不含皮带）,41147,螺栓,
5300499090,附件传动 套装（不含皮带）,41148,螺栓,
5300499090,附件传动 套装（不含皮带）,41149,螺栓,
5300499090,附件传动 套装（不含皮带）,41150,螺栓,
5300499090,附件传动 套装（不含皮带）,5320001000,惰轮,
5300499090,附件传动 套装（不含皮带）,5320343000,惰轮,
5300499090,附件传动 套装（不含皮带）,5340009000,附件张紧器,
5300499090,附件传动 套装（不含皮带）,7110202000,防尘盖,
5300499090,附件传动 套装（不含皮带）,71226,防尘盖,
5300499090,附件传动 套装（不含皮带）,71228,垫片,
5300499090,附件传动 套装（不含皮带）,71229,垫片,
5300499100,附件传动套装,41147,螺栓,
5300499100,附件传动套装,41148,螺栓,
5300499100,附件传动套装,41149,螺栓,
5300499100,附件传动套装,41150,螺栓,
5300499100,附件传动套装,5320001000,惰轮,
5300499100,附件传动套装,5320343000,惰轮,
5300499100,附件传动套装,5340009000,附件张紧器,
5300499100,附件传动套装,5370013000,附件皮带,
5300499100,附件传动套装,7110202000,防尘盖,
5300499100,附件传动套装,71226,防尘盖,
5300499100,附件传动套装,71228,垫片,
5300499100,附件传动套装,71229,垫片,
5300514100,正时套装,5310131000,张紧轮,
5300514100,正时套装,5310132000,张紧轮,
5300514100,正时套装,5360092000,正时皮带,
5300514100,正时套装,5360328000,正时皮带,
5300520100,正时套装,5310112000,张紧轮,
5300520100,正时套装,5360332000,正时皮带,
5300524100,正时套装,5310665000,张紧轮,
5300524100,正时套装,5320372000,惰轮,
5300524100,正时套装,5360349000,正时皮带,
5300538100,正时套装,5310317000,张紧轮,
5300538100,正时套装,5310339000,张紧轮,
5300538100,正时套装,5320167000,惰轮,
5300538100,正时套装,5360228000,正时皮带,
5300538100,正时套装,5360233000,正时皮带,
5300538100,正时套装,41145,螺栓,
5300546090,正时套装（不含皮带）,5310840000,张紧轮,
5300546090,正时套装（不含皮带）,5320601000,惰轮,
5300546100,正时套装,5310840000,张紧轮,
5300546100,正时套装,5320601000,惰轮,
5300546100,正时套装,5360012000,正时皮带,
5300547090,正时套装（不含皮带）,5310840000,张紧轮,
5300547090,正时套装（不含皮带）,5320312000,惰轮,
5300547090,正时套装（不含皮带）,41350,螺栓,
5300547100,正时套装,5310840000,张紧轮,
5300547100,正时套装,5320312000,惰轮,
5300547100,正时套装,5360012000,正时皮带,
5300547100,正时套装,41350,螺栓,
5300547300,水泵套装,41350,螺栓,
5300547300,水泵套装,5310840000,张紧轮,
5300547300,水泵套装,5320312000,惰轮,
5300547300,水泵套装,5360012000,正时皮带,
5300547300,水泵套装,65412A1B,水泵,
5300557100,正时套装,5310840100,张紧轮,
5300557100,正时套装,5320601100,惰轮,
5300557100,正时套装,5360012100,正时皮带,
5300557100,正时套装,31295,螺母,
5300557100,正时套装,41335,螺栓,
5300557100,正时套装,71318,防尘盖,
5300648100,正时套装,5310477200,张紧轮,
5300648100,正时套装,5310477200,张紧轮,
5300648100,正时套装,5320159000,惰轮,
5300648100,正时套装,5330034200,张紧器,
5300648100,正时套装,5330034200,张紧器,
5300648100,正时套装,5360243000,正时皮带,
5300648100,正时套装,41075,螺栓,
5300648100,正时套装,41191,螺栓,
5300648300,水泵套装,41075,螺栓,
5300648300,水泵套装,41191,螺栓,
5300648300,水泵套装,5310477200,张紧轮,
5300648300,水泵套装,5320159000,惰轮,
5300648300,水泵套装,5330034200,张紧器,
5300648300,水泵套装,5360243000,正时皮带,
5300648300,水泵套装,65472A1B,水泵,
5300649100,正时套装,5310862000,张紧轮,
5300649100,正时套装,5360332000,正时皮带,
6000135000,离合器套装,1230253900,离合器压盘,
6000135000,离合器套装,3230411910,离合器从动盘,
6000135000,离合器套装,4110133100,螺栓套装,
6000135000,离合器套装,4110133100,螺栓套装,
6000135000,离合器套装,4140172100,润滑脂,
6000135000,离合器套装,4150139900,双质量飞轮,
6000135000,离合器套装,5001050900,分离轴承,
6173007000,离合器套装,1170035900,离合器压盘,
6173007000,离合器套装,3170041900,离合器从动盘,
6173007000,离合器套装,5000926900,分离轴承,
6181693000,离合器套装,1180036100,离合器压盘,
6181693000,离合器套装,3180120100,离合器从动盘,
6181693000,离合器套装,5000327100,分离轴承,
6183028000,离合器套装,1180162900,离合器压盘,
6183028000,离合器套装,3180201900,离合器从动盘,
6183028000,离合器套装,4140172100,润滑脂,
6183028000,离合器套装,5000671910,分离轴承,
6191687090,离合器套装,1190102110,离合器压盘,
6191687090,离合器套装,3190065100,离合器从动盘,
6191687090,离合器套装,4110002110,卡圈,
6191687090,离合器套装,4110004110,分离顶板,
6191687090,离合器套装,4110007100,螺栓套装,
6193048000,离合器套装,1190136900,离合器压盘,
6193048000,离合器套装,3190156900,离合器从动盘,
6193048000,离合器套装,4140172100,润滑脂,
6193048000,离合器套装,5000202110,分离轴承,
6193089000,离合器套装,1190162900,离合器压盘,
6193089000,离合器套装,3190192900,离合器从动盘,
6193089000,离合器套装,5000668910,分离轴承,
6201612000,离合器套装,1200189100,离合器压盘,
6201612000,离合器套装,3200248100,离合器从动盘,
6201612000,离合器套装,4140172100,润滑脂,
6201612000,离合器套装,5000742900,分离轴承,
6201854600,离合器套装,1200130100,离合器压盘,
6201854600,离合器套装,3200030100,离合器从动盘,
6201854600,离合器套装,5000237100,分离轴承,
6203010000,离合器套装,1200245100,离合器压盘,
6203010000,离合器套装,3200318100,离合器从动盘,
6203010000,离合器套装,5000924110,分离轴承,
6203027000,离合器套装,1200800900,离合器压盘,
6203027000,离合器套装,3200800900,离合器从动盘,
6203027000,离合器套装,4140172100,润滑脂,
6203027000,离合器套装,5000774900,分离轴承,
6203050090,离合器套装,1200181910,离合器压盘,
6203050090,离合器套装,3200286900,离合器从动盘,
6203050090,离合器套装,4110002910,卡圈,
6203050090,离合器套装,4110004910,分离顶板,
6203050090,离合器套装,4110007100,螺栓套装,
6203050090,离合器套装,4140172100,润滑脂,
6203054000,离合器套装,1200254900,离合器压盘,
6203054000,离合器套装,3200339900,离合器从动盘,
6203054000,离合器套装,4140138900,离合器导套,
6203054000,离合器套装,4140172100,润滑脂,
6203054000,离合器套装,5001005900,分离轴承,
6203084000,离合器套装,1200261900,离合器压盘,
6203084000,离合器套装,3200345900,离合器从动盘,
6203084000,离合器套装,4140172100,润滑脂,
6203084000,离合器套装,5000742900,分离轴承,
6203086000,离合器套装,1200261900,离合器压盘,
6203086000,离合器套装,3200345900,离合器从动盘,
6203086000,离合器套装,4140172100,润滑脂,
6203086000,离合器套装,5001039100,分离轴承,
6203086000,离合器套装,5001039100,分离轴承,
6203138330,离合器套装,1200279100,离合器压盘,
6203138330,离合器套装,3200369100,离合器从动盘,
6203138330,离合器套装,4140172100,润滑脂,
6203138330,离合器套装,5100011110,液压分离轴承,
6203156090,离合器套装,1200304100,离合器压盘,
6203156090,离合器套装,3200411900,离合器从动盘,
6203156090,离合器套装,4140172100,润滑脂,
6210147160,离合器套装,1210002920,离合器压盘,
6210147160,离合器套装,3210008970,离合器从动盘,
6210147160,离合器套装,4140172100,润滑脂,
6210147160,离合器套装,5000172910,分离轴承,
6211333190,离合器套装,1210019910,离合器压盘,
6211333190,离合器套装,3210033110,离合器从动盘,
6211333190,离合器套装,4110002910,卡圈,
6211333190,离合器套装,4110004910,分离顶板,
6211333190,离合器套装,4110007100,螺栓套装,
6211333190,离合器套装,4140172100,润滑脂,
6213046000,离合器套装,1210069900,离合器压盘,
6213046000,离合器套装,3210008970,离合器从动盘,
6213046000,离合器套装,4140172100,润滑脂,
6213046000,离合器套装,5001050900,分离轴承,
6213083000,离合器套装,1210093900,离合器压盘,
6213083000,离合器套装,3210129900,离合器从动盘,
6213083000,离合器套装,5000419900,分离轴承,
6213083090,离合器套装,1210093900,离合器压盘,
6213083090,离合器套装,3210129900,离合器从动盘,
6221145600,离合器套装,1220181100,离合器压盘,
6221145600,离合器套装,3210014100,离合器从动盘,
6221145600,离合器套装,5000419100,分离轴承,
6222004600,离合器套装,1220190100,离合器压盘,
6222004600,离合器套装,3220238100,离合器从动盘,
6222004600,离合器套装,5000521100,分离轴承,
6222400000,离合器套装,1220225900,离合器压盘,
6222400000,离合器套装,3220285900,离合器从动盘,
6222400000,离合器套装,4140172100,润滑脂,
6222400000,离合器套装,5000440900,分离轴承,
6223027090,离合器套装,1220264900,离合器压盘,
6223027090,离合器套装,3220313900,离合器从动盘,
6223151090,离合器套装,1220361900,离合器压盘,
6223151090,离合器套装,3220414900,离合器从动盘,
6223151090,离合器套装,4140172100,润滑脂,
6223151330,离合器套装,1220361900,离合器压盘,
6223151330,离合器套装,3220414900,离合器从动盘,
6223151330,离合器套装,4180396100,垫片,
6223151330,离合器套装,5100130900,液压分离轴承,
6223155100,离合器套装,1220336900,离合器压盘,
6223155100,离合器套装,3220391900,离合器从动盘,
6223155100,离合器套装,803648BB,分离轴承,
6223156330,离合器套装,5100097100,液压分离轴承,
6223156330,离合器套装,6223156990,离合器套装,
6223181000,离合器套装,1220354900,离合器压盘,
6223181000,离合器套装,3220406900,离合器从动盘,
6223181000,离合器套装,4140172100,润滑脂,
6223181000,离合器套装,5001050900,分离轴承,
6223229000,离合器套装,1220406900,离合器压盘,
6223229000,离合器套装,3210127900,离合器从动盘,
6223229000,离合器套装,5001220900,分离轴承,
6223229090,离合器套装,1220371900,离合器压盘,
6223229090,离合器套装,3210127900,离合器从动盘,
6223229090,离合器套装,4140172100,润滑脂,
6223239000,离合器套装,1220264900,离合器压盘,
6223239000,离合器套装,3220313900,离合器从动盘,
6223239000,离合器套装,5001220900,分离轴承,
6223242000,离合器套装,1220422900,离合器压盘,
6223242000,离合器套装,3220482900,离合器从动盘,
6223242000,离合器套装,4140138900,离合器导套,
6223242000,离合器套装,803648BB,分离轴承,
6223248330,离合器套装,1220151910,离合器压盘,
6223248330,离合器套装,3220390900,离合器从动盘,
6223248330,离合器套装,4180394900,液压分离轴承油管,
6223248330,离合器套装,5100002900,液压分离轴承,
6230578600,离合器套装,1230130100,离合器压盘,
6230578600,离合器套装,3230171100,离合器从动盘,
6230578600,离合器套装,5000304600,分离轴承,
6230806000,离合器套装,1230104100,离合器压盘,
6230806000,离合器套装,3230276100,离合器从动盘,
6230806000,离合器套装,5001050100,分离轴承,
6233043000,离合器套装,1230348100,离合器压盘,
6233043000,离合器套装,3230515100,离合器从动盘,
6233043000,离合器套装,4140172100,润滑脂,
6233043000,离合器套装,5000924110,分离轴承,
6233047000,离合器套装,1230353900,离合器压盘,
6233047000,离合器套装,3230374900,离合器从动盘,
6233047000,离合器套装,4140172100,润滑脂,
6233047000,离合器套装,5000440900,分离轴承,
6233074000,离合器套装,1230378200,离合器压盘,
6233074000,离合器套装,3230559200,离合器从动盘,
6233074000,离合器套装,4140172100,润滑脂,
6233074000,离合器套装,5000440900,分离轴承,
6233094000,离合器套装,4110145100,螺栓套装,
6233094000,离合器套装,5000440100,分离轴承,
6233094000,离合器套装,6233094990,离合器套装,
6233097000,离合器套装,1230253900,离合器压盘,
6233097000,离合器套装,3230411910,离合器从动盘,
6233097000,离合器套装,4140172100,润滑脂,
6233097000,离合器套装,5001050900,分离轴承,
6233123090,离合器套装,1230405900,离合器压盘,
6233123090,离合器套装,3230595900,离合器从动盘,
6233174000,离合器套装,5000757900,分离轴承,
6233174000,离合器套装,6233174990,离合器套装,
6233194000,离合器套装,5000757100,分离轴承,
6233194000,离合器套装,6233194990,离合器套装,
6233227000,离合器套装,4140172100,润滑脂,
6233227000,离合器套装,5000440900,分离轴承,
6233227000,离合器套装,6233227990,离合器套装,
6233235000,离合器套装,5000757100,分离轴承,
6233235000,离合器套装,6233235990,离合器套装,
6233257330,离合器套装,1230432900,离合器压盘,
6233257330,离合器套装,3230649900,离合器从动盘,
6233257330,离合器套装,4140172100,润滑脂,
6233257330,离合器套装,5100038900,液压分离轴承,
6233294000,离合器套装,5000440900,分离轴承,
6233294000,离合器套装,6233294990,离合器套装,
6233397000,离合器套装,1230544900,离合器压盘,
6233397000,离合器套装,3230778900,离合器从动盘,
6233397000,离合器套装,5001220900,分离轴承,
6233397090,离合器套装,1230544900,离合器压盘,
6233397090,离合器套装,3230778900,离合器从动盘,
6233397090,离合器套装,4140172100,润滑脂,
6243032000,离合器套装,1240163100,离合器压盘,
6243032000,离合器套装,3240219100,离合器从动盘,
6243032000,离合器套装,5001050100,分离轴承,
6243163090,离合器套装,1240346900,离合器压盘,
6243163090,离合器套装,3240333900,离合器从动盘,
6243330000,离合器套装,1240299900,离合器压盘,
6243330000,离合器套装,3240405900,离合器从动盘,
6243330000,离合器套装,5001050900,分离轴承,
6243446090,离合器套装,1240425900,离合器压盘,
6243446090,离合器套装,3240440900,离合器从动盘,
6243478090,离合器套装,1240570900,离合器压盘,
6243478090,离合器套装,3240620900,离合器从动盘,
6263053090,离合器套装,4140172100,润滑脂,
6263053090,离合器套装,6263053990,离合器套装,
6302734000,离合器套装,1300205100,离合器压盘,
6302734000,离合器套装,3300056100,离合器从动盘,
6302734000,离合器套装,5000808600,分离轴承,
7136100200,轮毂轴承套装,31005,螺母,
7136100200,轮毂轴承套装,31117,螺母,
7136100200,轮毂轴承套装,31150,螺母,
7136100200,轮毂轴承套装,31161,螺母,
7136100200,轮毂轴承套装,61107,卡圈,
7136100200,轮毂轴承套装,71018,油脂,
7136100200,轮毂轴承套装,801136B,轮毂轴承,
7136100300,轮毂轴承套装,31107,螺母,
7136100300,轮毂轴承套装,31113,螺母,
7136100300,轮毂轴承套装,31135,螺母,
7136100300,轮毂轴承套装,41010,螺栓,
7136100300,轮毂轴承套装,41012,螺栓,
7136100300,轮毂轴承套装,800941CB,轮毂轴承,
7136100800,轮毂轴承套装,31113,螺母,
7136100800,轮毂轴承套装,31132,螺母,
7136100800,轮毂轴承套装,41014,螺栓,
7136100800,轮毂轴承套装,567447BB,轮毂轴承,
7136101600,轮毂轴承套装,31004,螺母,
7136101600,轮毂轴承套装,31006,螺母,
7136101600,轮毂轴承套装,31044,螺母,
7136101600,轮毂轴承套装,41010,螺栓,
7136101600,轮毂轴承套装,41011,螺栓,
7136101600,轮毂轴承套装,540733CAB,轮毂轴承,
7136101600,轮毂轴承套装,61022,卡圈,
7136101600,轮毂轴承套装,71018,油脂,
7136102200,轮毂轴承套装,31147,螺母,
7136102200,轮毂轴承套装,41011,螺栓,
7136102200,轮毂轴承套装,71113,防尘盖,
7136102200,轮毂轴承套装,800179DB,轮毂轴承,
7136102300,轮毂轴承套装,21030,轴封,
7136102300,轮毂轴承套装,518772B,轮毂轴承,
7136102300,轮毂轴承套装,61002,螺母,
7136102300,轮毂轴承套装,61032,开口销,
7136102300,轮毂轴承套装,71063,防尘盖,
7136102300,轮毂轴承套装,KLM11749.LM11710B,轮毂轴承,
7136102300,轮毂轴承套装,L7120GRB,油脂,
7136102400,轮毂轴承套装,21030,轴封,
7136102400,轮毂轴承套装,518772B,轮毂轴承,
7136102400,轮毂轴承套装,61002,螺母,
7136102400,轮毂轴承套装,61034,开口销,
7136102400,轮毂轴承套装,71069,防尘盖,
7136102400,轮毂轴承套装,KLM11949.LM11910B,轮毂轴承,
7136102400,轮毂轴承套装,L7120GRB,油脂,
7136103500,轮毂轴承套装,31113,螺母,
7136103500,轮毂轴承套装,31132,螺母,
7136103500,轮毂轴承套装,41012,螺栓,
7136103500,轮毂轴承套装,800941CB,轮毂轴承,
7136104300,轮毂轴承套装,101007B,轮毂轴承,
7136104300,轮毂轴承套装,41055,螺栓,
7136104300,轮毂轴承套装,41158,螺栓,
7136104300,轮毂轴承套装,71232,垫片,
7136104800,轮毂轴承套装,101468B,轮毂轴承,
7136104800,轮毂轴承套装,41089,螺栓,
7136104800,轮毂轴承套装,41158,螺栓,
7136104800,轮毂轴承套装,71231,垫片,
7136104900,轮毂轴承套装,31147,螺母,
7136104900,轮毂轴承套装,71113,防尘盖,
7136104900,轮毂轴承套装,801191ADB,轮毂轴承,
7136105000,轮毂轴承套装,41029,螺栓,
7136105000,轮毂轴承套装,801344DB,轮毂轴承,
7136106100,轮毂轴承套装,41117,螺栓,
7136106100,轮毂轴承套装,41158,螺栓,
7136106100,轮毂轴承套装,805657AB,轮毂轴承,
7136106200,轮毂轴承套装,41087,螺栓,
7136106200,轮毂轴承套装,71113,防尘盖,
7136106200,轮毂轴承套装,805409BB,轮毂轴承,
7136107000,轮毂轴承套装,41046,螺栓,
7136107000,轮毂轴承套装,71113,防尘盖,
7136107000,轮毂轴承套装,803755CB,轮毂轴承,
7136107100,轮毂轴承套装,41055,螺栓,
7136107100,轮毂轴承套装,800941CB,轮毂轴承,
7136107700,轮毂轴承套装,101644B,轮毂轴承,
7136107700,轮毂轴承套装,41117,螺栓,
7136107700,轮毂轴承套装,41158,螺栓,
7136107800,轮毂轴承套装,101645B,轮毂轴承,
7136107800,轮毂轴承套装,41055,螺栓,
7136107800,轮毂轴承套装,41158,螺栓,
7136108100,轮毂轴承套装,41158,螺栓,
7136108100,轮毂轴承套装,805368DB,轮毂轴承,
7136108900,轮毂轴承套装,41046,螺栓,
7136108900,轮毂轴承套装,71272,传感器载体,
7136108900,轮毂轴承套装,71273,防尘盖,
7136108900,轮毂轴承套装,805963B,轮毂轴承,
7136109000,轮毂轴承套装,41089,螺栓,
7136109000,轮毂轴承套装,41158,螺栓,
7136109000,轮毂轴承套装,563438A1B,轮毂轴承,
7136186700,轮毂轴承套装,11734,轮毂轴承,
7136186800,轮毂轴承套装,11735,轮毂轴承,
7136194600,轮毂轴承套装,11717,轮毂轴承,
7136194600,轮毂轴承套装,71175,防尘盖,
7136194700,轮毂轴承套装,11718,轮毂轴承,
7136194700,轮毂轴承套装,71175,防尘盖,
7136196600,轮毂轴承套装,101682B,轮毂轴承,
7136203100,轮毂轴承套装,31168,螺母,
7136203100,轮毂轴承套装,61114,卡圈,
7136203100,轮毂轴承套装,805924B,轮毂轴承,
7136221300,轮毂轴承套装,21291,轴封,
7136221300,轮毂轴承套装,30204AB,轮毂轴承,
7136221300,轮毂轴承套装,30205AB,轮毂轴承,
7136221300,轮毂轴承套装,L7120GRB,油脂,
7136261000,轮毂轴承套装,11752,轮毂轴承,
7136261700,轮毂轴承套装,101677B,轮毂轴承,
7136263100,轮毂轴承套装,101670B,轮毂轴承,
7136305300,轮毂轴承套装,31153,螺母,
7136305300,轮毂轴承套装,565747B,轮毂轴承,
7136305300,轮毂轴承套装,71116,防尘盖,
7136307600,轮毂轴承套装,101154B,轮毂轴承,
7136307600,轮毂轴承套装,31128,螺母,
7136307600,轮毂轴承套装,61056,卡圈,
7136400300,轮毂轴承套装,101636B,轮毂轴承,
7136400300,轮毂轴承套装,31025,螺母,
7136400300,轮毂轴承套装,71116,防尘盖,
7136401800,轮毂轴承套装,31128,螺母,
7136401800,轮毂轴承套装,61003,止推垫片,
7136401800,轮毂轴承套装,61005,销,
7136401800,轮毂轴承套装,61056,卡圈,
7136401800,轮毂轴承套装,805949B,轮毂轴承,
7136402500,轮毂轴承套装,101140B,轮毂轴承,
7136402500,轮毂轴承套装,31025,螺母,
7136402500,轮毂轴承套装,71036,垫片,
7136402500,轮毂轴承套装,71096,防尘盖,
7136404200,轮毂轴承套装,101117B,轮毂轴承,
7136404200,轮毂轴承套装,31153,螺母,
7136404200,轮毂轴承套装,71116,防尘盖,
7136404500,轮毂轴承套装,101694B,轮毂轴承,
7136404500,轮毂轴承套装,31153,螺母,
7136404500,轮毂轴承套装,71116,防尘盖,
7136404600,轮毂轴承套装,101695B,轮毂轴承,
7136404600,轮毂轴承套装,31153,螺母,
7136404600,轮毂轴承套装,71116,防尘盖,
7136404700,轮毂轴承套装,101698B,轮毂轴承,
7136404700,轮毂轴承套装,31086,螺母,
7136404700,轮毂轴承套装,61019,卡圈,
7136404700,轮毂轴承套装,71254,防尘盖,
7136404800,轮毂轴承套装,101699B,轮毂轴承,
7136404800,轮毂轴承套装,31259,螺母,
7136404800,轮毂轴承套装,61019,卡圈,
7136404800,轮毂轴承套装,71254,防尘盖,
7136493000,轮毂轴承套装,31118,螺母,
7136493000,轮毂轴承套装,545495ADB,轮毂轴承,
7136493000,轮毂轴承套装,61023,卡圈,
7136493400,轮毂轴承套装,31131,螺母,
7136493400,轮毂轴承套装,41107,螺栓,
7136493400,轮毂轴承套装,580494B,轮毂轴承,
7136493800,轮毂轴承套装,41105,螺栓,
7136493800,轮毂轴承套装,805554ACB,轮毂轴承,
7136493900,轮毂轴承套装,31118,螺母,
7136493900,轮毂轴承套装,61023,卡圈,
7136493900,轮毂轴承套装,805791B,轮毂轴承,
7136500700,轮毂轴承套装,21169,垫片,
7136500700,轮毂轴承套装,31025,螺母,
7136500700,轮毂轴承套装,546467B,轮毂轴承,
7136500700,轮毂轴承套装,61194,卡圈,
7136500700,轮毂轴承套装,71035,垫片,
7136500700,轮毂轴承套装,71037,防尘盖,
7136500700,轮毂轴承套装,71147,垫片,
7136670600,轮毂轴承套装,31057,螺母,
7136670600,轮毂轴承套装,71217,防尘盖,
7136670600,轮毂轴承套装,805349B,轮毂轴承,
7136670700,轮毂轴承套装,41077,螺栓,
7136670700,轮毂轴承套装,805506CB,轮毂轴承,
7136679800,轮毂轴承套装,31263,螺母,
7136679800,轮毂轴承套装,805190B,轮毂轴承,
7136679800,轮毂轴承套装,805190B,轮毂轴承,
7136679800,轮毂轴承套装,31263,螺母,
7136781000,轮毂轴承套装,31075,螺母,
7136781000,轮毂轴承套装,61046,卡圈,
7136781000,轮毂轴承套装,801663AAB,轮毂轴承,
7136784100,轮毂轴承套装,31075,螺母,
7136784100,轮毂轴承套装,569886B,轮毂轴承,
7136784300,轮毂轴承套装,101230B,轮毂轴承,
7136784300,轮毂轴承套装,41066,螺栓,
7136787900,轮毂轴承套装,41170,螺栓,
7136787900,轮毂轴承套装,805546AB,轮毂轴承,
825402S,悬架轴承套装,7130008000,悬架轴承,
825402S,悬架轴承套装,825402B,悬架支座,
825904S,悬架轴承套装,825904,悬架支座,
825904S,悬架轴承套装,865901A1,悬架轴承,
912600S,连接杆套装,912600B,连接杆（稳定杆）,
912601S,横拉杆球头套装,912601B,横拉杆球头,
912602S,轴向拉杆套装,912602B,轴向拉杆,
915434S,横拉杆球头套装,915434A1B,横拉杆球头,
915434S,横拉杆球头套装,915435A1B,横拉杆球头,
915436A1S,轴向拉杆套装,915436A1B,轴向拉杆,
915733S,轴向拉杆套装,915733A1B,轴向拉杆,
915782S,连接杆套装,915782A2B,连接杆（稳定杆）,
915782S,连接杆套装,915783A2B,连接杆（稳定杆）,
915785S,横拉杆球头套装,915785A1B,横拉杆球头,
918204S,悬挂球头套装,918204B,悬挂球头,
925467S,轴向拉杆套装,925467B,轴向拉杆,
935721S,控制臂套装,935721A2B,控制臂,
935730S,控制臂套装,935724A2B,控制臂,
935730S,控制臂套装,935725A2B,控制臂,
935730S,控制臂套装,935730A1B,控制臂,
935730S,控制臂套装,935731A1B,控制臂,
935737S,控制臂套装,935737B,控制臂,